know,103.71060073803241,trump,89.56500848802533,people,60.64164698158768,police,36.64911137806324,biden,70.71159628153436,israel,49.69618653344271,man,68.53244167731442,vote,48.554576154014796,thing,25.17102971291797,god,38.24415444668481,bernie,42.6891762542883,democrats,17.15060339722086,abortion,40.0567195307004,ukraine,35.04100132358423,harris,43.947019839221284,bitcoin,47.964311601635764,know,22.403534284766817,people,20.589998971104986,child,24.773506360710787,gun,51.17160959268422
think,34.09957396395876,donald,23.362774156679098,think,46.84525143883823,officer,25.858889937989623,joe,45.88678601296757,hamas,20.24795185747258,woman,54.02158136681935,win,25.96422707630732,think,23.555480202600148,jesus,31.680952218047764,sanders,24.428579780365364,president,16.655384481928103,court,22.55052861687047,russia,31.59171881015647,kamla,17.24453762777679,money,11.778631359988335,let,19.20405941714904,vaccine,19.60094358006353,kid,22.658460204087653,shooting,16.634187083996867
people,20.474109594410393,president,22.283197093250056,thing,24.284875640056136,people,18.85627601275448,hunter,11.871193552953184,gaza,15.887542527696501,want,11.433521472689257,election,25.05401405968011,know,20.456301994588113,bible,19.118633081480354,warren,14.327110600887373,ben,14.144861944175938,supreme,13.370321308044026,putin,23.83765811433463,kla,15.205247329515316,dollar,6.737546625382486,guy,18.70115467058772,virus,14.798759958424727,school,19.114109515375084,firearm,11.1571254934083
thing,20.467772110975638,think,9.955794988758557,want,16.256809099731242,cop,15.031617805421915,president,7.666097408894167,kamas,12.465896061621565,bro,9.727307056663824,pennsylvania,23.757574687153422,idea,15.048917773872946,let,14.964067167600954,bloomberg,13.70136962878413,medium,13.622384055076571,roe,12.64677107507233,war,20.790850599420335,donald,10.545373948612266,gold,6.447710285806677,want,16.883403859023574,mask,14.117869972832798,parent,14.462336706983741,shoot,11.071351882977273
mean,19.975641381005374,people,9.936711039896307,talk,15.755240981451152,shoot,10.014334797045452,debate,4.596843200636948,jews,12.295384834068578,people,9.678503983583854,trump,22.667391249960374,way,14.876004397209599,people,14.352946174712516,elizabeth,9.416229840827645,shapiro,12.320846493189705,law,12.355307214323535,china,17.964056385696633,vance,8.63740222129388,currency,6.234972634402514,look,15.626297913553437,government,10.045493230791077,year,10.377958660618985,shooter,9.26014379321794
kind,14.165973188027506,want,7.229965829677272,mean,13.551514568562823,let,9.26455070135301,democrats,4.547334620460608,iran,8.542941265371555,girl,9.672093951021685,georgia,19.777828284553514,world,14.771409583463493,chat,12.232714325947148,democrats,7.034623077172498,fbi,11.88064315054599,woman,11.02382711579991,united,12.633663737078098,campaign,8.541307516802403,buy,5.623185376707064,people,12.625450763650704,health,10.000605568337546,gender,9.594463231657246,people,7.903529973375542
lot,13.027255690669818,hillary,7.171802178837584,left,12.916029451889745,floyd,8.728712564228744,election,4.0883887979961,terrorist,8.023945712054376,look,9.60398888752958,county,17.616133180918066,mean,12.779297365858229,spirit,12.15543240143242,party,6.192616396052325,investigation,11.86886523464992,state,10.29439573554857,states,12.171877343495938,president,7.9341322446416225,people,5.05223823456012,mug,11.028396516303546,death,9.643886942242887,want,7.867183558009244,rifle,7.882343107982509
want,11.006363136072713,win,6.712762484423233,speech,12.914407353448235,man,7.70389399059317,accord,4.072200503894545,civilian,7.887983728764776,male,8.727655851660103,state,17.177137813693207,story,12.766720451337395,church,11.264195260669085,sander,5.728556115310639,impeachment,11.521743416255742,baby,8.61769499764707,country,12.145645670974822,kamala,7.682874032668288,market,4.918617618787664,think,10.405167398675419,coronavirus,9.156242144463997,family,7.731370824564725,weapon,7.699715800609089
guy,10.097760236992006,obama,6.3120500324748825,sort,12.468706801659083,know,7.466560206800155,policy,3.9897208850946537,palestinians,7.621526176430853,let,8.273447948582609,michigan,16.326545907427334,structure,12.722481050205431,thank,10.539741570605432,candidate,5.700168897729312,news,11.185213240883126,decision,8.242225955922532,nato,12.06062706233035,walls,6.9393004497023325,government,4.865594801211864,club,10.106104080341817,vaccinate,8.499436893694835,life,7.551776217372682,school,7.096724159289931
come,9.877644068699633,country,5.877353683357253,lot,11.691990648450735,chat,6.958627659434313,inflation,3.957111301414506,war,6.889133090046861,dude,8.081742356474816,think,15.884803738510893,sense,11.429772836332425,pray,10.284696197757878,win,5.337673041802134,left,10.617532119819911,life,7.851193163176521,world,9.286022231026271,border,6.642494942919271,inflation,4.7593094216559635,way,9.760883711279496,china,7.828505158256734,teacher,7.481815353966161,mass,7.062333868176347
time,9.409121176916035,vote,5.635673403044537,idea,11.028759009943412,protest,6.870364389671952,administration,3.8964456405610517,hostage,6.208274818388369,sex,7.758010679656691,voter,15.21266355413062,hierarchy,11.149223463588676,man,9.890703413744946,iowa,5.034770679485511,story,10.446442681493107,wade,7.654432766871271,vladimir,8.795878357522062,vice,6.4473799438666255,value,4.6195572235165185,youtube,9.747539166741033,rate,7.37185587100104,student,7.1457044381799975,law,6.51233998446311
talk,8.903848578369269,thing,5.628134965202857,government,10.901299565538887,city,6.829946276701868,border,3.824972380714919,people,5.067410294415494,feminist,5.869229412997577,arizona,14.76572184739789,sort,10.890408479221948,baptize,9.644847663276114,people,4.739738061122694,trump,9.978622618187574,justice,7.6286922827324055,iran,8.512232583807062,tim,6.041509311306892,bank,4.379011728185685,rumble,9.204568526037784,test,7.051823676871024,girl,6.612162200152517,amendment,6.030234602390374
feel,7.706290416257856,clinton,5.439966301619763,way,9.859960442231046,arrest,6.787303164578026,voter,3.800485286527476,israelis,4.765065559411893,know,5.845041573199402,ballot,13.720409432569697,problem,9.575532673516435,christ,9.587549109882637,campaign,4.673171522346125,republicans,9.690725360393182,constitution,7.361791783264845,president,8.31704352733454,country,5.771383473889042,price,4.105447535229482,come,7.72983998177401,state,6.961223303880133,boy,6.599263716503424,kyle,5.923665389896467
look,7.48463722686674,america,4.545407616567445,country,9.815611018493048,tatum,6.259386479979719,party,3.7379117273345193,netanyahu,4.678735096636701,talk,5.66243130341018,wisconsin,12.725809669860844,example,9.277306444578874,trinity,9.427181129927153,hillary,4.335106286063837,thing,9.580983124129313,argument,6.363412143458152,oil,8.296130146655026,debate,5.74340100016365,coin,3.9450430623455097,gerald,7.711758749267392,york,6.945208617187149,teach,6.470949936605024,nra,5.569669026225993
way,7.313639365341307,election,4.476758587425722,believe,9.098850174469185,car,6.077530186190841,year,3.7023484527624215,west,4.630161894264374,think,5.382431762828368,know,12.679310857011865,god,9.113815181668153,father,9.284447221913913,trump,4.2347828566350785,suggest,9.313503916897647,case,6.301237785655577,sanction,8.047975185323688,tax,5.319191851906845,fiat,3.7909767998583006,time,7.656203520378875,number,6.664658419842092,sex,6.232525039704526,violence,4.994112785863838
year,7.06353533947795,campaign,4.3745810441547635,come,9.094025353896066,crime,5.963570445113243,way,3.4469488009366156,state,4.592544118232633,eat,5.322738019512007,tonight,11.737232276471088,time,9.090104070564507,want,8.751619008101727,hampshire,3.9389580621088274,fact,9.17949674432745,pregnancy,6.030605224583703,russians,7.266049387947221,candidate,5.210526640680033,pay,3.7534649433879634,watch,7.58794330440438,datum,6.5630532752244894,time,5.506272063948545,kill,4.942556769491063
happen,6.795378547337401,look,4.254248264870842,agree,8.211269534282696,want,5.8041011776739175,poll,3.4120282834954065,strip,4.520874962233117,boy,5.1219872465565075,donald,11.472650572915109,system,9.056849107683172,scripture,8.258605561939323,judge,3.8421367346632347,use,9.120223972564455,casey,5.795961749237971,government,7.225963869438879,policy,5.116303937823047,know,3.500499886240397,talk,7.488193853464881,need,6.549427079040495,need,5.268695099488489,control,4.888612096578304
work,6.795244603533977,come,4.2298937300787625,stuff,8.198770955504111,racism,5.726015987745574,fact,3.328284553091738,palestine,4.444434593130829,need,5.087960008494202,republicans,11.29124514955509,happen,9.008547381147727,believe,8.029092705417902,poll,3.7574594356552007,house,8.879363106766164,issue,4.954981127130178,gas,7.122737731056138,tonight,5.080519501786135,year,3.3801982510079625,try,7.210934985776708,covet,6.538426409069939,tell,5.240385635105137,ar-15,4.67149490899876
tell,6.518172078710419,let,3.9666667874726285,guy,7.79566227898791,george,5.349958678843498,vice,3.2735089714965038,united,4.429264936290942,wife,4.777041558378283,carolina,11.241735344306399,relationship,8.751012661491401,tatum,7.59482417101588,delegate,3.7338240291655826,york,8.443261623275564,overrule,4.339830177150509,border,7.1084683770516754,year,5.02561248282772,debt,3.1955221173535096,tonight,6.914477525764374,disease,6.309245994710582,love,5.0031398646767995,handgun,4.4855503882967085
life,6.15045653923912,guy,3.54667020869188,issue,7.498957804456247,video,5.191897298589693,states,3.1406556156308687,east,4.413225249017813,gender,4.743100244697992,florida,11.00810096205888,question,8.371626337587209,son,7.1015516409738195,insurance,3.570374006532189,report,8.409117486906307,amendment,4.226741098721849,west,6.589821147756115,time,4.8346853866669,tax,3.0855598110480824,tell,6.673490992603714,thing,6.2709213972598485,woman,4.786603507150406,want,4.388465799343004
start,6.039826269027809,supporter,3.44108770399173,happen,7.3919067877481766,kill,5.158737887633201,united,3.0855486566473003,peace,4.324527120475254,date,4.641147155295736,look,10.895681872458027,book,8.34219214252133,love,6.674857883121667,clinton,3.36094962469017,obama,8.27377656988729,left,4.15723125686956,policy,6.069649938714645,america,4.801165597972859,transaction,3.059467288358411,cnn,6.437131288171701,work,6.23845533106517,way,4.7684021598127115,united,4.001436160808812
stuff,5.653908420329114,tell,3.4066125725960377,politic,7.372411213695724,america,5.018859930431428,house,3.026584581444027,kill,4.262672719252991,feel,4.539962786427398,count,10.409979273233684,consequence,7.815020564715116,tell,6.603597092503514,primary,3.3575740659257987,mean,8.167775386928195,child,4.019015958162265,taiwan,6.046905120681427,states,4.644449634781402,crypto,3.02734968964269,thank,6.43251693813707,lockdown,6.2170072498340945,adult,4.669854018044582,states,3.9953045222852146
try,5.54830200771283,talk,3.3833886406669333,group,7.341374047993991,community,5.018365237592705,afghanistan,2.877992217907486,states,4.157387672749347,come,4.50005220928149,poll,9.250255183794213,life,7.659155975523467,read,6.434506264449468,nomination,3.3307710289653327,evidence,8.12370195708494,choice,3.8836609053604203,afghanistan,5.79369784754768,election,4.507007877417426,asset,2.912041721620761,crowder,6.2008914227439975,die,6.122428426703763,education,4.554288834785873,talk,3.847262037754584
love,5.076315147341947,lose,3.211025499303722,kind,7.097854545068464,riot,4.860818854742917,lie,2.869477903034685,7th,3.9833931828830824,marriage,4.47044089243823,voting,8.365591767585451,reason,7.58402775885142,faith,6.195043929979474,percent,3.3302752947650434,wire,8.088676607364437,mean,3.863320080262785,u.s,5.783036539319969,know,4.454433770961473,use,2.880607293055443,video,6.000624506051722,economy,6.0901994140751015,father,4.526693479043069,assault,3.8145515280993174
movie,5.017841155180302,democrats,3.2065122256162013,freedom,6.937813437624877,life,4.669690155110004,taliban,2.862769760181377,attack,3.967585865723412,stuff,4.470333734505894,north,8.340479151696165,consciousness,7.45764722461427,bless,6.131234300513374,klobuchar,3.285077760557241,muller,8.058785662066121,way,3.8325672270636817,price,5.613262531423571,party,4.330129332956841,company,2.8482216816884387,happen,5.951323788252409,home,6.073875421231445,mother,4.205363958018183,carry,3.811592228585984
day,4.824666090820142,support,3.149815098060026,problem,6.789590231842214,violence,4.63639517905082,shapiro,2.8315524248933275,october,3.74798856727974,sport,4.446358253260114,democrats,8.319187062689027,look,7.435438155482565,word,5.98420302144154,michael,3.2624593282126155,times,8.04135651446273,opinion,3.7478508002383957,europe,5.520532819938367,woman,4.241955236495776,sell,2.7956688775548293,bring,5.835162065643164,case,5.832013881553383,thing,3.901616341230848,crime,3.7987131493733117
kid,4.6353354773385655,know,3.0069379021640006,america,6.752192478139922,law,4.583999189120941,son,2.6816793874048517,jerusalem,3.676789756301694,tell,4.4250250837391585,race,8.292266165727122,people,7.362700881314171,come,5.8090146972006025,vote,3.261259734557147,way,7.723246307073839,overturn,3.7406490531819405,energy,5.49292510923532,question,4.153771667507042,reserve,2.7132556384234126,stream,5.757252749718528,flu,5.774979291762694,day,3.900407839326737,rittenhouse,3.788777059866713
remember,4.617070009280169,poll,2.8779444365075837,college,6.555467343695324,matter,4.508244197141358,americans,2.6608394465470537,terror,3.665056980133905,rape,4.396062611266045,people,8.084042969620663,chaos,7.328880362218361,know,5.586531006648304,buddha,3.23315183583006,slash,7.682521383731644,think,3.7224990812949814,administration,5.474356845095998,governor,4.086326878034166,world,2.708220522998558,news,5.750138308967684,states,5.7410547722330145,dad,3.884146718162208,use,3.6885874589848426
write,4.091575486732993,happen,2.871177350544729,dave,6.454590812834882,murder,4.466999020439423,medium,2.6299803535018897,group,3.451402067346608,person,4.246688541174805,senate,8.05479672014646,fact,7.083156677457419,appreciate,4.876142440949121,run,3.228691207679788,accord,7.6467351442656275,sex,3.7221403017058012,troop,5.472294569137411,senator,4.082153907593582,economy,2.702904043494017,alex,5.720640331522272,united,5.7311314291407776,surgery,3.8090723044060644,kid,3.6571453141031625
sort,4.08191305070859,debate,2.8704290379079707,start,6.42769327624766,protester,4.387131214500637,family,2.6247408623430837,ceasefire,3.4497536338064596,marry,4.201443494465176,mean,7.597576041129277,work,6.956067850110002,heaven,4.764059650159319,debate,3.118554634673516,election,7.594891166792805,parenthood,3.6455161720871403,america,5.26047455720377,wall,4.081153534331694,cash,2.6663899556600117,point,5.573512288710678,cuomo,5.728233500415247,come,3.791287047190348,ban,3.482224676121183
live,4.0218592407094595,love,2.836405910394804,view,6.421492652161986,person,4.310355786375675,run,2.591868543770707,middle,3.327509813662953,play,4.197256345467805,let,6.967184310090919,pattern,6.918617783680617,need,4.549292565677704,health,3.095781380585992,congress,7.42279896286247,kill,3.603638573325153,weapon,5.258684735978141,run,4.043171788036293,think,2.613101583254644,donald,5.56661058710398,business,5.624645973530675,learn,3.732299103955373,murder,3.4370260911679673
watch,3.977765699547637,medium,2.8153959670466,hate,6.39551697537875,thank,4.251937877595196,member,2.565530015121621,world,3.321270921693801,chicken,3.9498101480490737,nevada,6.935274587849265,experience,6.69054257569362,prayer,4.493872725527009,socialism,3.0384359724856354,post,7.41312219605652,question,3.528241780652804,year,5.180193208673363,camala,3.8812186524593453,want,2.573976415920116,nick,5.4926025262310265,mandate,5.54279952370143,work,3.676070647132055,think,3.4170003132663025
find,3.9562529542873386,fight,2.8089558751596817,party,6.335860658433769,tell,4.1657900950657965,democrat,2.5476434168975977,border,3.224810640058359,feminism,3.922157469343068,number,6.856964679000376,value,6.581553799955536,think,4.420750389368936,biden,2.8993774929833545,tweet,7.352807414253095,want,3.49551530987055,state,4.929472993402187,united,3.8763772869130553,energy,2.541542993390528,hear,5.458538616787385,risk,5.3103908742386166,disney,3.6494992134566475,background,3.2691720682575007
book,3.948911313680072,time,2.7601536020826263,book,6.2576029520526015,guy,4.14795405665855,donald,2.4102408728068734,conflict,3.165217155266952,game,3.920735439733757,victory,6.589188970112632,self,6.422096692209234,stuff,4.295181812289268,medicare,2.7439666281960653,case,7.324581454084607,viability,3.444978065640489,invasion,4.924687064004409,way,3.8207335059221608,salvador,2.433208081612971,chat,5.376166196908972,percent,5.281806899066198,walsh,3.6484482118813184,need,3.1213927014407945
friend,3.837282613527031,stand,2.629036796669204,twitter,6.252399213239149,department,4.142028029878423,price,2.3684927170227184,aid,3.148648736548826,vote,3.809123634193673,come,6.568669148646148,degree,6.368703091984232,christians,4.18547963847624,voter,2.715810485633182,comm,7.014757521888038,judge,3.4272823710949556,power,4.804933161967974,fact,3.7890543832061305,stock,2.4330216319946754,need,5.360164347930488,governor,5.2440667256773175,age,3.596595196563438,protect,3.093028689139721
hear,3.832244912927021,rally,2.4771242819922623,point,6.2313922802300405,need,4.013097284859624,plan,2.353687977685775,rocket,3.032251943179786,video,3.761591156936776,ohio,6.368790112841073,understand,6.318419074692597,pastor,4.1615372279658445,mean,2.6686236966314145,today,6.967704972036715,rule,3.2954105655172476,soviet,4.761121308122209,mean,3.69450713830002,thing,2.23499845813536,use,5.255049604508983,hospital,5.217648422757126,help,3.5847346151021084,look,3.0497310080304607
bit,3.733242069248848,pence,2.4576970642981686,question,6.226697908313963,stuff,4.009318323363571,month,2.3174859750062007,way,2.8966920938637117,muscle,3.7449916001204846,biden,6.046146945324753,element,6.280694648319897,die,3.9783549767883133,tax,2.647721048805543,time,6.937754822078794,alito,3.237556787322459,invade,4.654922772933254,elon,3.643700672501679,create,1.9693509563043776,remember,5.156442900827056,time,5.1712817139721,today,3.584597775856135,stop,3.0295218858502344
ask,3.5702642902982156,lot,2.365307818682307,live,6.20231632515874,happen,3.9711180241956368,bill,2.2933931764721116,egypt,2.8103767061281473,try,3.70215662819171,lose,5.817062779523935,meaning,6.271141573496559,sin,3.9625463154667178,night,2.6261833070481955,sort,6.849744583055764,birth,3.232959474231907,taliban,4.608158228369953,night,3.639581719643229,print,1.9661776484339781,twitter,5.064470981614692,science,5.0469159702929405,college,3.5659308409872716,guy,2.994594479308051
run,3.4345205518532333,believe,2.35818273058116,argument,6.181163195535781,case,3.8653096387522754,mean,2.289842094181584,jew,2.680046206296747,body,3.695981768252669,democrat,5.78066764120043,point,6.236932416851241,religion,3.805556426128364,south,2.572834241730889,information,6.8207908040640834,government,3.2167324041680136,economy,4.423452595371129,thing,3.597286125731437,technology,1.933156128128681,thing,4.875042771944642,way,5.0465771345623285,wire,3.5185785777126757,militia,2.8491290424081095
read,3.431285243927584,play,2.2625073242288285,try,6.075408409556406,charge,3.758680673450141,kamala,2.2877357307135417,region,2.564367827892464,protein,3.6857219575606783,night,5.77514791011067,order,6.131121387587257,talk,3.747913501677484,want,2.5449225569193623,producer,6.756163805956076,protect,3.077461378136727,security,4.406758688616891,biden,3.582075869071634,invest,1.920766441581787,work,4.751559952607114,cdc,5.028903192866196,matt,3.512286959375149,state,2.84829268865579
person,3.391692063735513,news,2.2103922476314426,year,6.065134315750917,try,3.6878732357913275,mattress,2.2631065145501186,minister,2.501246461915761,time,3.414149327534012,point,5.712900759811616,let,6.114041108183064,person,3.7235601445988276,care,2.5165040429255736,member,6.723061207995279,majority,3.0271962198175526,missile,4.375168050127754,thank,3.567462163016013,supply,1.8966476983327432,love,4.689031941137927,reopen,4.943528382542603,talk,3.510594672655081,homicide,2.8422991896413334
story,3.373070610837073,job,2.2027492739051024,conversation,6.041774625465341,come,3.6507639013164686,republicans,2.1699933192209384,area,2.491390837515753,tran,3.339972643745258,party,5.711761049926248,manifest,6.0201464001490805,preach,3.65839340814326,slash,2.4803690234092914,senate,6.704184593685563,marriage,2.966323553201904,union,4.309269354246468,point,3.539629421369434,computer,1.88884326987816,guess,4.660271563268435,infection,4.854727919609587,care,3.4566718453319334,mean,2.739207639986187
point,3.3484691670236395,try,2.165500841990552,feel,5.9760606479651655,street,3.5809557221592985,barack,2.1387183709682267,idf,2.4891681407804565,football,3.282505179715602,texas,5.697805063194009,nature,6.014158102036046,lord,3.616392008481939,billionaire,2.4464217067462606,policy,6.677077420860024,rape,2.953057707817161,interest,4.29085603367086,minnesota,3.5008594136710243,rate,1.879341854199909,believe,4.635243207281489,country,4.836071844973811,america,3.424945567048458,government,2.7067179370790395
question,3.3271183443698487,care,2.069139668746535,culture,5.960860083624931,pull,3.3808784842465593,helix,2.108986971729079,america,2.4159956807631793,guy,3.2087197450094407,virginia,5.676134548814452,level,5.984636483120691,truth,3.6024826392154177,pay,2.4250664625161003,united,6.616883692764513,process,2.95168444762909,syria,4.199717699002808,think,3.478698386714447,work,1.8675790864631772,jones,4.463328182214373,wear,4.761026985135222,use,3.4176414883557302,case,2.6927451843250783
need,3.3176858486908958,hear,2.0570367409273023,community,5.928757740494959,taser,3.309135281250535,dollar,2.082986414127567,omar,2.360935381514751,mean,3.1449247012652695,turnout,5.641349241295122,case,5.899583497911942,store,3.59890605040968,impeachment,2.4221168718162644,yesterday,6.556861466094762,planned,2.8820097829900444,think,4.107863837812655,job,3.4646928216076427,spend,1.863102044876386,hold,4.452081176129938,week,4.718113038319597,home,3.40435334189803,point,2.6842221056026045
world,3.2877001847281835,thank,2.0498431682803915,video,5.69268050821192,justice,3.28445787004539,know,2.0769544570273366,helix,2.33439712324924,masculinity,2.907943587222075,swing,5.615635815880198,emotion,5.897770319131942,live,3.587734195919501,think,2.4204318046994473,andrew,6.542056522332113,womb,2.874500509082863,look,4.059572089508043,abortion,3.459602375260497,system,1.8426637727850623,bit,4.274912993050898,doctor,4.62310642313866,mom,3.377583656500422,happen,2.650628355286919
play,3.1820769176679566,fire,1.9832595816904397,society,5.643110537186443,warrant,3.250373672001498,thing,2.062625182052442,happen,2.328913950058972,cut,2.8434729428188836,seat,5.485331546732606,representation,5.8867886247205385,life,3.559443101413031,carolina,2.405885775584234,michael,6.507760405733507,precedent,2.8459697333529115,force,4.036337570681796,moment,3.3919393226966315,time,1.8406160635011666,wait,4.2578324720700795,fauci,4.580401500513798,feel,3.3541838487455364,defense,2.64434299418203
family,3.068497501332911,tariff,1.938298583098266,work,5.575578147085565,enforcement,3.2473293811700574,business,2.046897065195441,support,2.316749623009288,lot,2.8158902319122605,lot,5.370618697344723,manner,5.838454297998346,brother,3.530989945062286,money,2.289791623727896,clinton,6.493882996027953,fetus,2.801337859655386,ally,3.9959764324515024,work,3.3317373773164727,loan,1.8124158266814998,dave,4.24786270531599,day,4.5498157899254625,tran,3.338204080834734,fire,2.6401472643809023
listen,2.9339840034049707,lie,1.9062746908861228,couple,5.54780663741798,minneapolis,3.2408529262126065,economy,2.016308634246585,administration,2.3093085123131343,action,2.7925045370620216,map,5.318581023016003,reality,5.807655224188715,book,3.4907833664501893,comm,2.281006633395831,justice,6.424916771615073,barrett,2.739220119218785,happen,3.9146789596424187,ask,3.3211924535799726,business,1.8090089632458142,day,4.237406652050735,testing,4.530469520851319,start,3.299887071259671,way,2.5558090706451377
change,2.933411710013171,stuff,1.8823871812293094,person,5.509650914949362,store,3.153934156540495,candidate,2.012718020817971,want,2.305404468269225,money,2.6847811802358565,candidate,5.254729319380406,use,5.750050751443763,peter,3.446372449192903,senator,2.2629610927874775,talk,6.360806765755544,liberty,2.6883614957412103,poland,3.888755125452155,joe,3.2070427906654735,blockchain,1.7945203061200843,number,4.142519824897761,policy,4.5029686115037695,marriage,3.2337226882944194,arm,2.536280438929648
war,2.9279055085759436,left,1.8726452066580799,disagree,5.467170629053731,bro,3.1082564335769414,time,1.8731342860423625,lebanon,2.291291022773982,care,2.6762664822179327,result,5.204928074861853,theory,5.7135926959738015,brandon,3.44416729123783,dollar,2.2603940784891177,allegation,6.360337046429122,decide,2.6827177093119934,come,3.8128001649370753,answer,3.129913274768248,need,1.7333089907462416,course,4.139534372420555,year,4.466436768139761,christmas,3.0849091197786955,let,2.4447275943276896
understand,2.92178784052515,hitler,1.8688408651257185,power,5.394980125582439,appreciate,3.075812431301013,sort,1.8659760668872825,saudi,2.2831079700971686,tatum,2.676074699195817,margin,5.117299566235562,act,5.639860249696903,speak,3.421128627729057,pete,2.257794192336338,order,6.316247311773639,point,2.6564257060742364,inflation,3.7853406506810217,talk,3.126480424386293,cost,1.7066576883041837,clip,4.1183849129587005,ventilator,4.380234423237656,university,3.016798090659246,problem,2.4092748612620962
learn,2.9045013098417813,press,1.8680441108976753,campus,5.289019079607628,live,3.043583303292669,day,1.8390969776251822,murder,2.2279961031647257,relationship,2.6724313190119737,fraud,4.932262520213498,answer,5.581370954734997,john,3.4134522689476254,obama,2.2332859093635182,year,6.297409102795697,roberts,2.6171257072549468,way,3.706080019201149,democracy,3.1003460124473676,start,1.7033331139088295,lie,4.096299093473985,study,4.371724105566426,transgender,3.005142642333044,know,2.4072916968226807
guess,2.858139213112484,point,1.8433455581308869,world,5.1130850974129505,race,3.033451890953123,laptop,1.8261101725337565,rafa,2.2111872398174617,baby,2.6487061013620212,way,4.732426521376382,kind,5.509890349472445,testament,3.374169501423883,nominee,2.1427585141741283,government,6.17626659681634,trimester,2.5425383771044525,conflict,3.6783153880475217,race,3.0817110143044277,account,1.6660644538422436,laughter,4.0474483518680655,month,4.320870635525907,puberty,2.96592901979339,country,2.3984918830368605
wife,2.7993116331564885,question,1.8194235455488772,race,5.052273082328381,fire,2.9982917628239187,charge,1.8052025735430712,member,2.1377721293595107,hit,2.587400564502364,polling,4.4523828443582865,snake,5.497310360887111,baptism,3.3410872163894303,thing,2.1208455039812173,clavin,6.131920574555189,concurrence,2.5267289293190367,mean,3.648302783552423,americans,3.0788244801483247,lot,1.6639784868425191,play,4.036475042233856,medium,4.296661204301445,find,2.9616779767839048,texas,2.3673804222584565
sit,2.7007532871738684,run,1.799147814928251,university,5.043225094113142,drug,2.9541407694608504,money,1.8042909767378268,syria,2.1248859101692075,abl,2.576258524975386,datum,4.2483983825920255,hell,5.468514670464736,christianity,3.198554469311875,joe,2.1094999024634222,question,6.100049751126065,thomas,2.4769053674710615,dollar,3.596942417812926,want,3.0592213018906484,cryptocurrency,1.6600293346389257,ask,4.020044529087596,company,4.2233783929110125,job,2.951479751498241,left,2.300985602285075
money,2.669404398996627,impeachment,1.7818187103248018,racism,4.9184143636821265,dude,2.897489300468703,january,1.7738133472357933,mean,2.1089041467110157,sauce,2.557199757776904,york,4.234998089838355,sacrifice,5.457815310011768,water,3.1917872946547186,attack,2.104628529376701,states,6.098682521771398,ban,2.450044293803618,want,3.516735825872674,issue,3.057252736790446,increase,1.5930583201264656,story,4.012755044021671,spread,4.208335111104475,culture,2.9493321972955897,check,2.257740022203522
grow,2.6640103869161043,tweet,1.7750442149308678,time,4.887337419177224,support,2.876453689329346,delaware,1.7667256119457122,arabs,2.0423440348569764,workout,2.4985675684924176,run,4.234519901749936,set,5.435310476005567,abraham,3.1853138069024607,support,2.072194552915969,washington,6.03591624738195,believe,2.4022763972405894,need,3.509540169046145,musk,3.0302585261434083,taxis,1.5800012509434793,drink,3.9031519972109066,americans,4.011704883804983,country,2.932333328626951,security,2.2379325423294736
realize,2.65108444910962,bush,1.7278094667187105,leave,4.837671143653258,situation,2.809087604273487,course,1.7643567936192117,country,2.0191159114770794,lady,2.49798645720887,time,4.034738527040558,produce,5.40462859677599,day,3.1635400602471466,matthews,2.063526026379132,facebook,6.03267811332932,states,2.2953347074808406,germany,3.35788741041815,family,3.0058979667582872,interest,1.5569174236153445,tim,3.8970817026488573,system,4.008274088010978,identity,2.9053182483709414,person,2.2376971599523956
use,2.6137740131905236,god,1.7120225984159765,need,4.766182655598226,burn,2.7735101124978683,office,1.7517058222724649,tunnel,2.0170995880903098,compete,2.448298428193072,thing,4.027166965761641,individual,5.351587604444997,president,3.154439491603966,supporter,2.052279530628076,law,5.950333495670053,abort,2.255760592306284,nation,3.306273679762877,day,2.978932333578743,trade,1.5403535378288862,check,3.796980171596262,corona,4.003401129131931,society,2.9001847861801564,run,2.2114911660737677
place,2.575603041084229,watch,1.6976975780920793,jordan,4.747939977455217,jail,2.7613637623182243,desantis,1.7472341935261648,population,2.0134100633954106,twin,2.427838148345703,thank,3.9337245601524584,science,5.296314033886971,save,3.0263354195567267,president,2.0216383338073007,pelosi,5.937285297355868,allow,2.2357270666080042,leader,3.302739562443051,win,2.9578759169073985,cryptocurrencie,1.5356153493716924,comment,3.6382449662169862,talk,3.988259688029759,course,2.855719280101247,try,2.2100555508491446
dad,2.57053824942681,cnn,1.6741268167495877,reason,4.696360037029966,commit,2.7593029635453945,yesterday,1.721696237617121,ben,1.999999617187902,weight,2.419732636025512,want,3.8658373859006554,find,5.2899120447893075,america,2.9428886050421066,ben,2.0137508045424686,john,5.919934610232466,country,2.2263754410921783,threat,3.268312205866177,need,2.8226151706479365,wealth,1.5349207903225084,live,3.5652064696227703,population,3.9515786751152726,change,2.8396052331443635,parkland,2.1542883425945725
deal,2.4941930038546483,bring,1.6712662508054386,individual,4.640395574818838,brutality,2.7007107063413374,court,1.715381170157254,shapiro,1.9683992878512657,sandwich,2.3814160044644934,herschel,3.823765698355775,figure,5.264519238803018,try,2.942300935342423,come,1.9839339839294574,recruiter,5.891408635893813,care,2.174560280046801,iraq,3.2457018908868385,joy,2.7820307287103363,build,1.529921889312709,platform,3.563522204548974,mean,3.9229170161020006,point,2.82586721111525,lot,2.0843783835585725
food,2.448769693733122,mike,1.670973584948106,system,4.610868273547609,country,2.683690484891577,campaign,1.713918181482135,bomb,1.9596075558436812,mama,2.3416697001505744,guy,3.7965597541218634,personality,5.241189686934843,tongue,2.856805481541491,caucus,1.9574999448026826,comey,5.83824469942362,vote,2.1734472678610866,fight,3.2324334155346164,state,2.7512072129862664,fed,1.5113605260283092,minute,3.500843478714753,city,3.861832495636101,daughter,2.819277072924528,supremacist,2.063756022426649
clavin,2.4440850822733515,need,1.6327226732431805,use,4.561049503183885,look,2.676547418016176,include,1.6552526743983638,course,1.945994358553118,pay,2.3287856108656153,happen,3.7367542299955714,place,5.2117467895177,discount,2.853186604523882,amy,1.946351613583256,movie,5.78057404070282,agree,2.1576431917816237,know,3.205710317638209,trump,2.7470839440414068,store,1.4952045438055421,kind,3.487880778360876,shapiro,3.8613118553737795,transition,2.8068755787147235,house,2.058113379691262
fun,2.406735234367435,rhetoric,1.622482868107246,nazi,4.498951274187063,talk,2.6761106176476277,try,1.634822202591381,know,1.9296624970185605,live,2.322133374172535,district,3.713315523377361,brain,5.16411140172654,verse,2.8447216603430476,lot,1.9328933370058927,day,5.73509783539374,ruling,2.137446386084016,use,3.204525218860271,course,2.7363915332170667,percent,1.481108856755678,facebook,3.4696272131182986,suggest,3.836728421023181,son,2.7880987039745593,argument,2.0539056076162643
house,2.3845200164686555,impeach,1.6114385626907621,fight,4.4844358725218525,brandon,2.5950898071675943,vote,1.6325975656263028,deal,1.9280801538993095,hold,2.3046461103470484,mail,3.7072768902089837,try,5.10119525004448,worship,2.842087822393621,plan,1.9140334884712824,office,5.731589218681258,body,2.1372719115779772,moscow,3.201732386483331,plan,2.7006859833594783,problem,1.479663343284055,send,3.405294255921692,ben,3.8287509575681997,book,2.782428116973014,buy,2.034472933376671
sense,2.3488926873324623,listen,1.5991340756409513,medium,4.396943187952217,house,2.5896992031416115,moment,1.6296327701003541,terrorism,1.9271413121210774,transgender,2.3022975655237796,tell,3.578742850540917,learn,5.030560211378945,bear,2.8036360506931493,aoc,1.909047506052525,zip,5.627801581648759,clause,2.1142969780480687,regime,3.193988544441609,stage,2.6188574856383893,ledger,1.4744744329920332,company,3.3689126146811943,immunity,3.818260344040411,money,2.774055999244199,hand,2.025446618068911
die,2.307253129456092,victory,1.5963345985763677,life,4.389208035959801,loot,2.5772485443849256,nominee,1.6174067858357744,jordan,1.9144385447183507,privilege,2.2919239555819315,trend,3.5673455280008275,form,4.998847898659761,bro,2.754185273257424,let,1.8973535838131708,twitter,5.6077274715677055,talk,2.0997733091563173,americans,3.157586146701308,democrats,2.616162906402939,credit,1.4337760842478273,find,3.3201339834105044,job,3.7691062756408775,male,2.768263533620331,kimmel,2.024853328726102
film,2.2833665719944283,haley,1.588118409326203,bit,4.382063193939242,mayor,2.557589437007569,point,1.6102785686301873,muslims,1.90376909670639,ass,2.2808834472158894,need,3.559469268667196,play,4.983938757395643,doctrine,2.7389289920116515,establishment,1.8959461172856433,bill,5.522750482594534,decisis,2.0897672290419673,cia,3.116769027286307,cala,2.5650807877728945,growth,1.4297405097587443,today,3.3044575758449537,vaccination,3.6926335075003363,hear,2.7557432636350416,conceal,2.016498511207956
help,2.237536228298024,office,1.5807131964152048,history,4.3574482262735845,blm,2.5402901890118255,america,1.6074048121146713,hospital,1.8954474813552213,gym,2.2640823552188722,lead,3.545829108252226,truth,4.9816911834095094,gentleman,2.722936426500296,coronavirus,1.8949520536937883,write,5.511686363265003,legislature,2.0865910471745512,money,3.0641174471745165,dailywire,2.5255041653751182,network,1.4058410340464536,appreciate,3.3014433649005284,california,3.6528495417915647,person,2.7437069345737104,bullet,1.9787244380761704
hour,2.234776328336215,hate,1.578424041689695,let,4.352581619783854,stop,2.5138710255059693,polling,1.587645251862625,attempt,1.8950767888573612,daddy,2.249234264582055,house,3.5130561017689015,develop,4.932509430574835,king,2.646904370115127,race,1.8926311629333723,check,5.5028233925883,bear,2.0715075429136034,supply,2.9864814826301833,administration,2.4446234859269653,way,1.4025354614605139,ban,3.2897949027246627,accord,3.637671748335792,happen,2.732338378443567,purchase,1.9775466823869263
joke,2.2265586474057177,stop,1.561512228500067,religion,4.333783440889246,narrative,2.457143103492097,democracy,1.581742263179475,use,1.8907487496864044,difference,2.1808258764893216,nick,3.431970503389644,domain,4.908761346592159,heart,2.6364785846683576,talk,1.8865077170657618,campaign,5.464871943492465,mother,2.0595501485690844,korea,2.9459991588145673,speak,2.4267317104277533,buck,1.3437837143063118,stephen,3.2644034751000075,shut,3.634022653880122,baby,2.7136507022432785,course,1.9768131834867602
job,2.190998705706069,immigration,1.5586858508725,speak,4.3075412853421735,system,2.4473215998063584,job,1.5808053834493883,mattress,1.8817849954487644,love,2.1804462941354186,walker,3.336928311846015,behavior,4.821235499050384,devil,2.6362113583515225,tuesday,1.8564321050829184,come,5.301768837805421,contraception,2.0267166010279913,deal,2.889857309262504,pick,2.3980123115972773,wallet,1.3220416687131051,lot,3.2442603350936787,market,3.620934652555837,problem,2.706899249998327,round,1.9705554166959904
meet,2.188703743308081,elect,1.53349409883382,care,4.290062844046204,run,2.436370808541558,ben,1.5778503086564095,place,1.8383965061068899,fry,2.162748068480745,hold,3.3189731375012737,animal,4.804287360564276,world,2.622782647157762,government,1.8472198166789169,party,5.3003654199395145,fact,2.0265487654961216,official,2.887699580496097,comma,2.392172200764909,save,1.3218105103981488,word,3.2301309935280482,florida,3.6080892958373525,study,2.706602841150066,shot,1.965725068444686
end,2.169046184087802,night,1.5115394039535313,change,4.20191579931294,portland,2.4029165153616665,suggest,1.5684692760660075,iraq,1.836957033850645,thing,2.159841671531206,hampshire,3.1936219720894585,process,4.687075021013268,mediator,2.6172370679134453,castro,1.8080923391952237,crime,5.294701666768641,texas,2.020390170148129,attack,2.8535345154979432,turn,2.3905356918084393,point,1.2935328246814157,hit,3.2223166447609826,model,3.527798476570902,movie,2.70425976505099,number,1.9127614263240893
figure,2.1619565511802783,iran,1.5055546638755226,debate,4.186299628548087,taylor,2.396391686831449,official,1.5602678370588017,refugee,1.8114172332813285,burger,2.1494343776995213,man,3.1833447122660736,rule,4.683585455447995,mean,2.6168573394464287,point,1.805980912043282,administration,5.199938478624598,week,2.0033242857539744,history,2.851552582459597,history,2.381850944550029,let,1.2689539100956986,leave,3.1557272860176955,food,3.488518177954289,raise,2.7019257337020837,shotgun,1.901983613489451
walk,2.1507959799999488,barack,1.5042100653405823,violence,4.184694105460418,chauvin,2.391047964008695,need,1.5384217653750372,land,1.7975824193159344,beat,2.139684383266091,iowa,3.1117888120603445,aim,4.639118357460946,understand,2.6034787693492283,way,1.7717299703116174,court,5.182122285055747,united,1.9867720551921884,market,2.844902877328136,number,2.36360920439642,investment,1.2585104048986966,medium,3.1520187879626187,fact,3.4659256783048837,grow,2.688829667984122,defend,1.8321847571375438
care,2.1158021092544583,economy,1.5032341603936383,look,4.184059315472019,die,2.388266765681932,talk,1.5257993853811271,year,1.7832757271553525,player,2.1074010780111765,update,3.0649565446269005,regard,4.63898681181883,earth,2.594533996186822,producer,1.7596356685623764,committee,5.178298417013008,heartbeat,1.9798201783114495,people,2.8054373717949486,today,2.352706981991235,mining,1.2310743034434217,pay,3.0859170969942995,care,3.4606765633734047,fight,2.678713824540733,citizen,1.8071134577631291
kill,2.1012714499894463,world,1.4983914067859518,create,4.16043771898891,family,2.3844713402030537,remember,1.5190698291967955,continue,1.7831019688649947,calorie,2.103666368033616,feel,3.0321321706402125,imagine,4.604890989971941,thing,2.547211533184593,yang,1.7516579360287436,politic,5.050924886357117,privacy,1.9652390254289083,time,2.754589696185468,home,2.3333127014607635,satachi,1.2284441039551006,patreon,3.0431878027076054,life,3.4516669360460916,generation,2.676700186347907,issue,1.7897223575739682
andrew,2.0993617466342918,bannon,1.4594445894811336,value,4.153711152624594,knock,2.384356724940938,continue,1.5164157216960703,fire,1.759099024491191,sleep,2.0962862062564964,lake,2.997945470538782,speak,4.568770791812852,hear,2.5253056834800014,endorse,1.7382842087863601,nancy,4.970986087879363,use,1.962114371666662,east,2.7394451376776785,pennsylvania,2.2954017438817056,try,1.2251655773400123,shirt,3.0425321019135634,lock,3.434647435701735,film,2.6663789618128146,buyback,1.7785699931470835
mind,2.0419557283598815,presidency,1.4529608980980253,identity,4.058269242900626,time,2.349489303931611,post,1.4974734204477873,regime,1.7506085149794737,pull,2.0768617028487735,kind,2.9256256231536533,knowledge,4.5220027713579665,wife,2.5115596644664504,market,1.7358510906940654,buck,4.948825381132975,health,1.9485669880921224,trade,2.7341921143844825,convention,2.2659055325855286,oil,1.2182510973909715,joke,3.024990770536085,pay,3.423099411326688,community,2.6635928416810963,pistol,1.7784503512872705
interview,2.010654897076661,nikki,1.4220589786290616,term,4.02541641782193,antifa,2.349010881644427,use,1.4908829495352667,university,1.7404556485245022,shirt,2.066698396219805,issue,2.899484333866548,society,4.513424718696075,sacrifice,2.5099742348235288,mike,1.731359760477345,book,4.921170001536801,power,1.9466689332318174,region,2.7265249287519833,margaret,2.261906188987768,future,1.2144949855480331,man,3.019699608713125,worker,3.413552712349661,drag,2.6573911198133855,jury,1.727640689943257
drug,1.9940283527364187,indictment,1.4104063184211975,movement,3.9962461909442264,chicago,2.327482829102296,lead,1.4885089380137575,jihad,1.717055670555493,got,2.065447957387296,bit,2.891364513009259,power,4.513094341954041,time,2.4565190570108815,look,1.7011313425356742,claim,4.874693612650343,coney,1.9201366950796077,defense,2.725820598043826,lie,2.2598630926487013,economist,1.2126456538546495,channel,3.010275151268924,order,3.4074818164073197,stand,2.650265060151452,death,1.7252591755705309
hope,1.9816805816640597,flag,1.4027343966917474,end,3.929225532084136,day,2.312236402807916,jill,1.4876972995304725,order,1.698140318931027,cheese,2.065112566757346,evening,2.8912103588729314,child,4.510934424021139,gospel,2.4510756019796403,booker,1.698516765964776,company,4.810238042375285,senate,1.9162909949203133,end,2.719207115162339,change,2.208773789165614,inflate,1.2035238403618984,information,3.0031299089470687,point,3.406823118038097,pay,2.608535318591862,teacher,1.7092430305889013
church,1.9682972106412577,ask,1.3963502631933988,opinion,3.8800025139798398,squad,2.2973346267238166,order,1.4839490785635914,policy,1.6953499017935274,thank,2.0626323324017415,philadelphia,2.8782747733930227,culture,4.508557419440439,listen,2.402965403186485,union,1.6839938658794291,power,4.736759841639152,row,1.9012490894171625,climate,2.6815747214616605,life,2.1916181440908784,income,1.1902973153394105,eat,2.989619080101416,patient,3.4004505203668627,health,2.582256852136959,commit,1.6885704770829433
believe,1.9649707690221594,hope,1.392218264585732,war,3.8432897389562797,evidence,2.2556311758292553,end,1.4729233013476926,authority,1.6942314346875558,find,2.057518401444915,governor,2.8704813740858506,write,4.503312620546129,country,2.385556492602894,guy,1.6665962583246752,attorney,4.734950980377311,position,1.8954375645731085,course,2.620783065249321,wire,2.1615075865496185,internet,1.175619805328384,elon,2.9853292687965514,infect,3.3983816972979124,live,2.5686012578174897,suicide,1.6729867623408348
bring,1.9517344373742107,cruz,1.3829079687493386,company,3.7996309991228,jury,2.2328351867858345,obama,1.4638235808856042,sleep,1.6779101057293198,percent,2.0556009228445995,flip,2.7535307459920846,describe,4.495154329481687,money,2.37639386056928,wealth,1.6588695069347053,attempt,4.730246862876233,amy,1.8904352844798171,cost,2.604443962644778,immigration,2.1542876458582136,mean,1.163429699053529,break,2.962135503986374,lot,3.3919235321156407,class,2.5432409607423136,self,1.6719726061837337
mom,1.948925503696088,enemy,1.3742138133077073,institution,3.795719462926933,watch,2.2305973264590917,turn,1.4635397587182004,holocaust,1.6613398046674945,watch,2.0495306012194376,expect,2.7349477591460594,game,4.463717149971358,lady,2.3629359307871227,policy,1.647539829278945,charge,4.688307882696171,change,1.887671537403714,talk,2.5865368605194226,interview,2.1390984340651933,labor,1.15819514269228,understand,2.906876781161287,crisis,3.3874245154539726,world,2.5036644838849624,time,1.6605777475972219
week,1.9326367472437755,blame,1.3578109192730485,example,3.7827081426907845,door,2.2200851228666654,story,1.4538692838938772,hezbollah,1.6458950860092583,hood,2.04500368880602,exit,2.7254051892182725,narrative,4.42763350392986,flesh,2.3148497958412375,problem,1.637079106339328,james,4.6512258267801,restriction,1.8776994253219275,tucker,2.5837274780815163,person,2.131339616235858,card,1.1405930782755964,bet,2.903738374669718,want,3.3777492533941134,issue,2.484281926079382,rate,1.6488539391137567
lose,1.9067993778348948,january,1.330910950206472,student,3.7736493202287105,hand,2.2190393570880445,gas,1.4492171057016945,ally,1.6259578579924412,dress,2.0044704078686295,shift,2.685878388040299,course,4.388697601174411,kingdom,2.3021401343012853,nevada,1.5977202328704054,month,4.648864235463361,know,1.870312168751127,crimea,2.5688373910910642,hear,2.1279224034536837,exchange,1.1260518327623947,remove,2.8922538948412364,expert,3.3412600225563027,fact,2.3572795267808364,reason,1.6471445184244955
experience,1.9004598988617332,nation,1.330274345046002,tweet,3.76012798747103,training,2.216165419605457,come,1.4337855822978238,accord,1.6241416788356564,jericho,1.9969352420005386,wait,2.641754756542554,read,4.378467531978495,feel,2.274124333488089,state,1.592450138294985,word,4.618173804884294,support,1.866958221492726,peace,2.567113575132645,bring,2.111788316587768,control,1.1243841148541296,week,2.8869870122970824,increase,3.3307108029178965,ask,2.3509779931468775,knife,1.6446214030912978
hollywood,1.8999002168192012,administration,1.31626956925911,place,3.6846136157273355,death,2.1964935369458125,deal,1.4132581329961882,accords,1.6121783880723934,divorce,1.982745912634441,hope,2.6333293324583447,associate,4.376329802548586,forgive,2.267458914999587,democrat,1.5923938004489833,cover,4.5583348227603375,argue,1.865033063917748,control,2.548673587653086,ticket,2.0975456833839217,banking,1.1171782692979044,sound,2.883217650302479,problem,3.329336786352661,trans,2.305344623768188,thing,1.6384352614952276
sell,1.8793359500696838,michael,1.3070019674824327,platform,3.6810819748301897,americans,2.1914719893945245,sleep,1.4007607944564378,yesterday,1.5994893952969356,agree,1.9602120387241115,maricopa,2.6303058452102372,belief,4.348065145209605,messiah,2.261762134790623,stage,1.5740075713845625,press,4.514114063759719,clinic,1.8639496733822256,kiev,2.5268664885366734,folk,2.0818420493820393,preference,1.1169500783187225,content,2.859046679279376,dollar,3.3138152904410436,bill,2.2737497983177506,believe,1.6256062180004498
conversation,1.8624272039644376,trade,1.3025398817668628,policy,3.668613221185395,prison,2.186158249537878,senate,1.3971719459142358,protest,1.5987833200478518,day,1.9577316770433448,campaign,2.621322382727801,come,4.343862118415867,question,2.201320090147895,left,1.5388585006689854,week,4.511634252083656,descent,1.8440920484533387,change,2.5017601829988263,week,2.0673828735823614,jack,1.109563098467799,hour,2.811531647040502,use,3.2640444194764404,blocker,2.269087369204781,defendant,1.6177782525918192
couple,1.7745110323863056,china,1.2985332369944684,money,3.6053320524141914,brianna,2.18061399502797,gold,1.3958868088489664,include,1.5827680614409698,chest,1.9554673559545952,place,2.5922462265979287,year,4.337261328716045,prophet,2.1436160393135,zip,1.4858964231127234,include,4.485788543689657,incest,1.8426267649805408,north,2.496480240716899,try,2.0556950135170533,property,1.1024050460878205,money,2.7770631025223347,look,3.234552506390981,stop,2.2526334569567563,come,1.6175492527111441
room,1.7722442360095603,war,1.28915330325487,bunch,3.600358227463421,hit,2.1218653747948957,question,1.3946326301898666,today,1.5756358840277338,taste,1.9302944794070567,times,2.5847691626649585,perspective,4.2881608465979095,squad,2.1255898054925213,income,1.4574973849621164,mattress,4.483178754913831,kavanaugh,1.8380975976601706,aid,2.4944322287289116,turnout,2.0505361323802296,capital,1.0987300240378282,fun,2.7727275665384976,distancing,3.200185443697388,classroom,2.244764884056124,sheriff,1.6160530989753983
turn,1.7663777796596156,clip,1.2539582703244492,patreon,3.550274678721378,brother,2.1197614786003895,ukraine,1.3812079449857373,day,1.5753160715020125,wear,1.9130688531169207,california,2.5707389944591754,term,4.287996314084524,apostle,2.0216019330241104,shapiro,1.4551990517196556,turn,4.480156296609279,course,1.8355544927978744,intelligence,2.473050838636746,nominee,2.040969874862493,term,1.092806251773581,hate,2.767112612596302,yesterday,3.1776889579700374,thank,2.2264660835914665,solution,1.6021447279646444
win,1.7564298682833936,family,1.248140072042824,friend,3.5398180587140904,force,2.1071318057806367,night,1.364939470897002,fact,1.5728268667513658,leg,1.8953772045292845,area,2.5538078533393906,person,4.286498832410381,send,1.9978603191230453,tulsi,1.4519057374431783,ask,4.424946461156914,today,1.8330654325405165,enemy,2.4647899328169296,record,2.0315589375522882,musk,1.0752372045110472,listen,2.7640851509925284,curve,3.1346797975043463,body,2.204085754366113,islam,1.5907240317186089
pull,1.7539434824566429,condemn,1.2436298846120661,build,3.4827687815555604,neck,2.080276989872627,happen,1.3567618019799017,enemy,1.569372418404196,respect,1.8878186910675574,year,2.5047159121641127,jung,4.255612353266678,blessing,1.9816768733257146,cory,1.4460337517767474,find,4.42373497418831,democracy,1.8293012614319366,pay,2.417902073730548,help,2.0308891858259095,job,1.0747125777907345,button,2.6939337348998507,come,3.115126425668749,bear,2.1819869561881635,rape,1.5896393109364484
